,Jan,Feb,Mar,Apr,May,Jun,Jul,Aug,Sep,Oct,Nov,Dec
Return On Equity,0.01261293997785542,0.05746265405391262,0.02340722047745403,0.019278663424335863,0.015990528762367354,0.0493922497521537,0.003287254227247438,0.03890132771989937,0.05726349606921783,0.007386498194324083,-0.013985290169978511,0.031399593373731716
